,device_id,date_hour,bytes_up,bytes_down,log_bytes_up,log_bytes_down,date_hour_filtered,q4_device,q4_stat,q4_field,q4_stat_down_value,q4_stat_up_value
107262,30819359.0,2021-09-29 21:00:00,56998.51982378856,1463187.4181818182,4.755871197097801,6.165300254838758,2021-09-29 21:00:00,Smart-TV,mean,log_bytes_down,4.172650262166022,3.691493858378769
107263,30819359.0,2021-09-29 21:01:00,52707.6,1723922.5915492957,4.7218814810157665,6.236518012936552,2021-09-29 21:00:00,Smart-TV,mean,log_bytes_down,4.172650262166022,3.691493858378769
107264,30819359.0,2021-09-29 21:02:00,63032.32653061225,1653904.2424242424,4.799570227255186,6.218510623795045,2021-09-29 21:00:00,Smart-TV,mean,log_bytes_down,4.172650262166022,3.691493858378769
107265,30819359.0,2021-09-29 21:07:00,60504.32369942196,1583728.0533333332,4.781793588727901,6.199680883877665,2021-09-29 21:00:00,Smart-TV,mean,log_bytes_down,4.172650262166022,3.691493858378769
107266,30819359.0,2021-09-29 21:12:00,61706.520547945205,1759337.459854015,4.790338096503857,6.2453493966530385,2021-09-29 21:00:00,Smart-TV,mean,log_bytes_down,4.172650262166022,3.691493858378769
107267,30819359.0,2021-09-29 21:22:00,59224.942675159225,2851699.746835443,4.772511981937846,6.455103949364634,2021-09-29 21:00:00,Smart-TV,mean,log_bytes_down,4.172650262166022,3.691493858378769
107268,30819359.0,2021-09-29 21:26:00,54670.77777777778,1711849.5774647887,4.737763196198596,6.233465853673722,2021-09-29 21:00:00,Smart-TV,mean,log_bytes_down,4.172650262166022,3.691493858378769
107269,30819359.0,2021-09-29 21:28:00,61209.42056074767,1673164.8955223882,4.786825363432933,6.22353900368687,2021-09-29 21:00:00,Smart-TV,mean,log_bytes_down,4.172650262166022,3.691493858378769
107270,30819359.0,2021-09-29 21:29:00,59784.55813953489,1877691.2727272727,4.776596288038825,6.273624419023233,2021-09-29 21:00:00,Smart-TV,mean,log_bytes_down,4.172650262166022,3.691493858378769
107271,30819359.0,2021-09-29 21:30:00,56043.1746031746,1690237.9682539685,4.748530477427402,6.227948110091331,2021-09-29 21:00:00,Smart-TV,mean,log_bytes_down,4.172650262166022,3.691493858378769
107272,30819359.0,2021-09-29 21:32:00,58707.15151515151,1637930.08,4.7686984063969495,6.214295623794725,2021-09-29 21:00:00,Smart-TV,mean,log_bytes_down,4.172650262166022,3.691493858378769
107273,30819359.0,2021-09-29 21:33:00,52024.46376811594,1757274.6285714288,4.716215960311553,6.244839885900165,2021-09-29 21:00:00,Smart-TV,mean,log_bytes_down,4.172650262166022,3.691493858378769
107274,30819359.0,2021-09-29 21:34:00,61006.838709677424,1683561.7049180327,4.785385639759033,6.226229296484573,2021-09-29 21:00:00,Smart-TV,mean,log_bytes_down,4.172650262166022,3.691493858378769
107275,30819359.0,2021-09-29 21:35:00,55089.789473684206,1536218.9866666666,4.7410789960365625,6.186453411108585,2021-09-29 21:00:00,Smart-TV,mean,log_bytes_down,4.172650262166022,3.691493858378769
107276,30819359.0,2021-09-29 21:38:00,53793.86666666667,1685869.84,4.730740835430229,6.226824298862876,2021-09-29 21:00:00,Smart-TV,mean,log_bytes_down,4.172650262166022,3.691493858378769
107277,30819359.0,2021-09-29 21:39:00,53446.470588235294,1601225.3134328355,4.727927156961727,6.204452718383344,2021-09-29 21:00:00,Smart-TV,mean,log_bytes_down,4.172650262166022,3.691493858378769
107278,30819359.0,2021-09-29 21:42:00,57973.97014925372,1698423.7611940296,4.763240533696092,6.2300463127474055,2021-09-29 21:00:00,Smart-TV,mean,log_bytes_down,4.172650262166022,3.691493858378769
107279,30819359.0,2021-09-29 21:45:00,64444.7374301676,2875329.6842105263,4.80919419753462,6.458687798962767,2021-09-29 21:00:00,Smart-TV,mean,log_bytes_down,4.172650262166022,3.691493858378769
107280,30819359.0,2021-09-29 21:51:00,59976.575163398695,2193388.1403508773,4.777988903663539,6.341115688911666,2021-09-29 21:00:00,Smart-TV,mean,log_bytes_down,4.172650262166022,3.691493858378769
107281,30819359.0,2021-09-29 21:59:00,57866.6046511628,2516996.064516129,4.762435505720855,6.400882709046499,2021-09-29 21:00:00,Smart-TV,mean,log_bytes_down,4.172650262166022,3.691493858378769
270524,81291122.0,2021-09-29 21:00:00,5026.866666666667,2044.8539325842687,3.701383752168512,3.3108746232484982,2021-09-29 21:00:00,Smart-TV,mean,log_bytes_down,4.172650262166022,3.691493858378769
270525,81291122.0,2021-09-29 21:05:00,20850.236559139787,3258459.267605634,4.319131815419447,6.513012429746278,2021-09-29 21:00:00,Smart-TV,mean,log_bytes_down,4.172650262166022,3.691493858378769
270526,81291122.0,2021-09-29 21:07:00,30475.375,2188096.6821705424,4.483963308759378,6.340066706089502,2021-09-29 21:00:00,Smart-TV,mean,log_bytes_down,4.172650262166022,3.691493858378769
270527,81291122.0,2021-09-29 21:08:00,35207.37662337662,2347100.516129032,4.546646001220061,6.370531873979168,2021-09-29 21:00:00,Smart-TV,mean,log_bytes_down,4.172650262166022,3.691493858378769
270528,81291122.0,2021-09-29 21:11:00,28403.835616438355,1617520.9142857145,4.453392280285331,6.208850173228769,2021-09-29 21:00:00,Smart-TV,mean,log_bytes_down,4.172650262166022,3.691493858378769
270529,81291122.0,2021-09-29 21:12:00,49991.43434343435,2261456.279069768,4.698904284905819,6.354388387952153,2021-09-29 21:00:00,Smart-TV,mean,log_bytes_down,4.172650262166022,3.691493858378769
270530,81291122.0,2021-09-29 21:16:00,46201.03896103897,2109248.8440366974,4.66466114200609,6.324128025666405,2021-09-29 21:00:00,Smart-TV,mean,log_bytes_down,4.172650262166022,3.691493858378769
270531,81291122.0,2021-09-29 21:17:00,61513.41176470588,2869048.507936508,4.788976875395694,6.457738042438444,2021-09-29 21:00:00,Smart-TV,mean,log_bytes_down,4.172650262166022,3.691493858378769
270532,81291122.0,2021-09-29 21:21:00,36267.2,1700981.01010101,4.559526001969576,6.230699720458438,2021-09-29 21:00:00,Smart-TV,mean,log_bytes_down,4.172650262166022,3.691493858378769
270533,81291122.0,2021-09-29 21:22:00,20502.76923076923,1721421.1578947369,4.311833705233957,6.235887388840797,2021-09-29 21:00:00,Smart-TV,mean,log_bytes_down,4.172650262166022,3.691493858378769
270534,81291122.0,2021-09-29 21:24:00,23798.651685393263,1543789.9534883718,4.37657060108094,6.188588491664859,2021-09-29 21:00:00,Smart-TV,mean,log_bytes_down,4.172650262166022,3.691493858378769
270535,81291122.0,2021-09-29 21:25:00,30032.58536585365,1974022.0,4.477607180739097,6.295352208472875,2021-09-29 21:00:00,Smart-TV,mean,log_bytes_down,4.172650262166022,3.691493858378769
270536,81291122.0,2021-09-29 21:27:00,22679.38028169014,1421114.9859154932,4.355650332092783,6.152629524787031,2021-09-29 21:00:00,Smart-TV,mean,log_bytes_down,4.172650262166022,3.691493858378769
270537,81291122.0,2021-09-29 21:29:00,16812.60606060606,1344798.5454545454,4.225660867768355,6.1286575536388685,2021-09-29 21:00:00,Smart-TV,mean,log_bytes_down,4.172650262166022,3.691493858378769
270538,81291122.0,2021-09-29 21:31:00,24610.41860465116,1102205.519379845,4.391136647202025,6.042262975481249,2021-09-29 21:00:00,Smart-TV,mean,log_bytes_down,4.172650262166022,3.691493858378769
270539,81291122.0,2021-09-29 21:32:00,28776.233009708736,3210594.873786408,4.4590490332981005,6.506585643208971,2021-09-29 21:00:00,Smart-TV,mean,log_bytes_down,4.172650262166022,3.691493858378769
270540,81291122.0,2021-09-29 21:38:00,26853.61755485893,2216813.36677116,4.429018971829854,6.34572932736693,2021-09-29 21:00:00,Smart-TV,mean,log_bytes_down,4.172650262166022,3.691493858378769
270541,81291122.0,2021-09-29 21:39:00,24042.55555555556,1964529.97260274,4.380998691449561,6.2932588802460305,2021-09-29 21:00:00,Smart-TV,mean,log_bytes_down,4.172650262166022,3.691493858378769
270542,81291122.0,2021-09-29 21:41:00,19850.34862385321,1741838.0740740742,4.297790016388911,6.241008028702639,2021-09-29 21:00:00,Smart-TV,mean,log_bytes_down,4.172650262166022,3.691493858378769
270543,81291122.0,2021-09-29 21:42:00,26827.23232323232,1607504.9696969695,4.428592058525217,6.206152594412209,2021-09-29 21:00:00,Smart-TV,mean,log_bytes_down,4.172650262166022,3.691493858378769
270544,81291122.0,2021-09-29 21:44:00,29215.376623376626,1638227.3066666666,4.465626354307107,6.214374425761497,2021-09-29 21:00:00,Smart-TV,mean,log_bytes_down,4.172650262166022,3.691493858378769
270545,81291122.0,2021-09-29 21:45:00,27781.97183098592,1522688.111111111,4.4437786985926735,6.182611242067953,2021-09-29 21:00:00,Smart-TV,mean,log_bytes_down,4.172650262166022,3.691493858378769
270546,81291122.0,2021-09-29 21:46:00,18012.618556701033,634849.5319148937,4.255600962200687,5.802671487802995,2021-09-29 21:00:00,Smart-TV,mean,log_bytes_down,4.172650262166022,3.691493858378769
270547,81291122.0,2021-09-29 21:49:00,2005.0526315789475,825.1764705882354,3.302342323153222,2.917072822159323,2021-09-29 21:00:00,Smart-TV,mean,log_bytes_down,4.172650262166022,3.691493858378769
270548,81291122.0,2021-09-29 21:54:00,49286.17931034484,3680598.634146342,4.692733964330314,6.565918578615489,2021-09-29 21:00:00,Smart-TV,mean,log_bytes_down,4.172650262166022,3.691493858378769
270549,81291122.0,2021-09-29 21:57:00,31087.42857142857,3195251.9452054794,4.492598770290049,6.504505243827353,2021-09-29 21:00:00,Smart-TV,mean,log_bytes_down,4.172650262166022,3.691493858378769
270550,81291122.0,2021-09-29 21:59:00,41503.76119402985,4010963.38028169,4.618097919403393,6.603248805208823,2021-09-29 21:00:00,Smart-TV,mean,log_bytes_down,4.172650262166022,3.691493858378769
400660,40277863.0,2021-09-29 21:02:00,15544.0,636080.0,4.191590726379211,5.803512423216221,2021-09-29 21:00:00,Smart-TV,mean,log_bytes_down,4.172650262166022,3.691493858378769
400661,40277863.0,2021-09-29 21:05:00,87608.0,2726960.0,4.942548723172236,6.435678926865021,2021-09-29 21:00:00,Smart-TV,mean,log_bytes_down,4.172650262166022,3.691493858378769
400662,40277863.0,2021-09-29 21:07:00,57160.0,1601376.0,4.757099817926543,6.204493586601015,2021-09-29 21:00:00,Smart-TV,mean,log_bytes_down,4.172650262166022,3.691493858378769
400663,40277863.0,2021-09-29 21:08:00,52696.0,1525256.0,4.721785891862811,6.183343026815972,2021-09-29 21:00:00,Smart-TV,mean,log_bytes_down,4.172650262166022,3.691493858378769
400664,40277863.0,2021-09-29 21:14:00,20320.0,536496.0,4.307945075845931,5.729567297807863,2021-09-29 21:00:00,Smart-TV,mean,log_bytes_down,4.172650262166022,3.691493858378769
400665,40277863.0,2021-09-29 21:16:00,4552.0,109448.0,3.6582976503081897,5.039211797914312,2021-09-29 21:00:00,Smart-TV,mean,log_bytes_down,4.172650262166022,3.691493858378769
400666,40277863.0,2021-09-29 21:21:00,103032.0,3201680.0,5.012976345312311,6.505378058738427,2021-09-29 21:00:00,Smart-TV,mean,log_bytes_down,4.172650262166022,3.691493858378769
400667,40277863.0,2021-09-29 21:27:00,68400.0,2092440.0,4.835062451008234,6.32065322115243,2021-09-29 21:00:00,Smart-TV,mean,log_bytes_down,4.172650262166022,3.691493858378769
400668,40277863.0,2021-09-29 21:30:00,64632.0,1926472.0,4.810454314567388,6.2847629266460965,2021-09-29 21:00:00,Smart-TV,mean,log_bytes_down,4.172650262166022,3.691493858378769
400669,40277863.0,2021-09-29 21:31:00,4352.0,3904.0,3.638788667157398,3.591621038213319,2021-09-29 21:00:00,Smart-TV,mean,log_bytes_down,4.172650262166022,3.691493858378769
400670,40277863.0,2021-09-29 21:35:00,440.0,72.0,2.6444385894678386,1.863322860120456,2021-09-29 21:00:00,Smart-TV,mean,log_bytes_down,4.172650262166022,3.691493858378769
444650,46620975.0,2021-09-29 21:30:00,126592.0,2121376.0,5.1024096918944295,6.32661785591415,2021-09-29 21:00:00,Smart-TV,mean,log_bytes_down,4.172650262166022,3.691493858378769
444651,46620975.0,2021-09-29 21:54:00,171824.0,2635352.0,5.235086352581098,6.420838796278792,2021-09-29 21:00:00,Smart-TV,mean,log_bytes_down,4.172650262166022,3.691493858378769
444652,46620975.0,2021-09-29 21:57:00,216832.0,3713536.0,5.336125378545636,6.569787755386605,2021-09-29 21:00:00,Smart-TV,mean,log_bytes_down,4.172650262166022,3.691493858378769
476111,97622033.0,2021-09-29 21:01:00,520.0,248.0,2.7168377232995247,2.3961993470957363,2021-09-29 21:00:00,Smart-TV,mean,log_bytes_down,4.172650262166022,3.691493858378769
476112,97622033.0,2021-09-29 21:04:00,504.0,224.0,2.7032913781186614,2.3521825181113627,2021-09-29 21:00:00,Smart-TV,mean,log_bytes_down,4.172650262166022,3.691493858378769
476113,97622033.0,2021-09-29 21:08:00,1008.0,232.0,3.0038911662369103,2.367355921026019,2021-09-29 21:00:00,Smart-TV,mean,log_bytes_down,4.172650262166022,3.691493858378769
476114,97622033.0,2021-09-29 21:09:00,480.0,224.0,2.682145076373832,2.3521825181113627,2021-09-29 21:00:00,Smart-TV,mean,log_bytes_down,4.172650262166022,3.691493858378769
476115,97622033.0,2021-09-29 21:17:00,504.0,232.0,2.7032913781186614,2.367355921026019,2021-09-29 21:00:00,Smart-TV,mean,log_bytes_down,4.172650262166022,3.691493858378769
476116,97622033.0,2021-09-29 21:19:00,512.0,232.0,2.7101173651118162,2.367355921026019,2021-09-29 21:00:00,Smart-TV,mean,log_bytes_down,4.172650262166022,3.691493858378769
476117,97622033.0,2021-09-29 21:21:00,512.0,232.0,2.7101173651118162,2.367355921026019,2021-09-29 21:00:00,Smart-TV,mean,log_bytes_down,4.172650262166022,3.691493858378769
476118,97622033.0,2021-09-29 21:26:00,2384.0,12368.0,3.3774883833761327,4.092334589521021,2021-09-29 21:00:00,Smart-TV,mean,log_bytes_down,4.172650262166022,3.691493858378769
476119,97622033.0,2021-09-29 21:27:00,936.0,304.0,2.971739590887778,2.484299839346786,2021-09-29 21:00:00,Smart-TV,mean,log_bytes_down,4.172650262166022,3.691493858378769
476120,97622033.0,2021-09-29 21:33:00,528.0,216.0,2.7234556720351857,2.3364597338485296,2021-09-29 21:00:00,Smart-TV,mean,log_bytes_down,4.172650262166022,3.691493858378769
476121,97622033.0,2021-09-29 21:35:00,488.0,240.0,2.6893088591236203,2.3820170425748683,2021-09-29 21:00:00,Smart-TV,mean,log_bytes_down,4.172650262166022,3.691493858378769
476122,97622033.0,2021-09-29 21:39:00,512.0,224.0,2.7101173651118162,2.3521825181113627,2021-09-29 21:00:00,Smart-TV,mean,log_bytes_down,4.172650262166022,3.691493858378769
476123,97622033.0,2021-09-29 21:41:00,984.0,976.0,2.9934362304976116,2.989894563718773,2021-09-29 21:00:00,Smart-TV,mean,log_bytes_down,4.172650262166022,3.691493858378769
476124,97622033.0,2021-09-29 21:44:00,520.0,224.0,2.7168377232995247,2.3521825181113627,2021-09-29 21:00:00,Smart-TV,mean,log_bytes_down,4.172650262166022,3.691493858378769
476125,97622033.0,2021-09-29 21:46:00,504.0,232.0,2.7032913781186614,2.367355921026019,2021-09-29 21:00:00,Smart-TV,mean,log_bytes_down,4.172650262166022,3.691493858378769
476126,97622033.0,2021-09-29 21:55:00,504.0,224.0,2.7032913781186614,2.3521825181113627,2021-09-29 21:00:00,Smart-TV,mean,log_bytes_down,4.172650262166022,3.691493858378769
476127,97622033.0,2021-09-29 21:59:00,648.0,536.0,2.812244696800369,2.7299742856995555,2021-09-29 21:00:00,Smart-TV,mean,log_bytes_down,4.172650262166022,3.691493858378769
519727,32914102.0,2021-09-29 21:01:00,55967.2131147541,835855.7333333333,4.747941441500439,5.9221318453161125,2021-09-29 21:00:00,Smart-TV,mean,log_bytes_down,4.172650262166022,3.691493858378769
519728,32914102.0,2021-09-29 21:02:00,32544.375,475650.75,4.512489280010409,5.677289098925606,2021-09-29 21:00:00,Smart-TV,mean,log_bytes_down,4.172650262166022,3.691493858378769
519729,32914102.0,2021-09-29 21:11:00,31291.13962264152,657160.3060109289,4.495435259360242,5.817671984037738,2021-09-29 21:00:00,Smart-TV,mean,log_bytes_down,4.172650262166022,3.691493858378769
519730,32914102.0,2021-09-29 21:14:00,58335.08333333334,1067175.5555555555,4.765937267366767,6.028236275807207,2021-09-29 21:00:00,Smart-TV,mean,log_bytes_down,4.172650262166022,3.691493858378769
519731,32914102.0,2021-09-29 21:16:00,27506.76923076924,325279.6595744681,4.439455372285373,5.512258241917615,2021-09-29 21:00:00,Smart-TV,mean,log_bytes_down,4.172650262166022,3.691493858378769
519732,32914102.0,2021-09-29 21:17:00,835.1351351351352,359.2432432432432,2.9222764732532123,2.5565958438935383,2021-09-29 21:00:00,Smart-TV,mean,log_bytes_down,4.172650262166022,3.691493858378769
519733,32914102.0,2021-09-29 21:18:00,82888.21917808219,1186258.9589041094,4.918498048572747,6.074179871444998,2021-09-29 21:00:00,Smart-TV,mean,log_bytes_down,4.172650262166022,3.691493858378769
519734,32914102.0,2021-09-29 21:19:00,35719.25333333333,590756.6933333335,4.552914530308295,5.7714093860817375,2021-09-29 21:00:00,Smart-TV,mean,log_bytes_down,4.172650262166022,3.691493858378769
519735,32914102.0,2021-09-29 21:20:00,29243.73333333333,468017.1076923077,4.466047665624462,5.670262656319244,2021-09-29 21:00:00,Smart-TV,mean,log_bytes_down,4.172650262166022,3.691493858378769
519736,32914102.0,2021-09-29 21:22:00,39538.56790123456,425373.36842105264,4.5970319189196145,5.628771317281167,2021-09-29 21:00:00,Smart-TV,mean,log_bytes_down,4.172650262166022,3.691493858378769
519737,32914102.0,2021-09-29 21:23:00,1502.6031746031747,1088.375,3.177133233981909,3.0371774044540683,2021-09-29 21:00:00,Smart-TV,mean,log_bytes_down,4.172650262166022,3.691493858378769
519738,32914102.0,2021-09-29 21:27:00,31370.582677165363,441872.66666666674,4.496536429141517,5.645298120679458,2021-09-29 21:00:00,Smart-TV,mean,log_bytes_down,4.172650262166022,3.691493858378769
519739,32914102.0,2021-09-29 21:29:00,33858.60674157304,438894.82666666666,4.5296819097399394,5.6423614512841285,2021-09-29 21:00:00,Smart-TV,mean,log_bytes_down,4.172650262166022,3.691493858378769
519740,32914102.0,2021-09-29 21:31:00,36788.91891891892,528020.2739726028,4.5657288306931845,5.722651420607267,2021-09-29 21:00:00,Smart-TV,mean,log_bytes_down,4.172650262166022,3.691493858378769
519741,32914102.0,2021-09-29 21:34:00,34996.98630136986,475017.0482758621,4.544043056825641,5.6767101109253,2021-09-29 21:00:00,Smart-TV,mean,log_bytes_down,4.172650262166022,3.691493858378769
519742,32914102.0,2021-09-29 21:35:00,1309.5238095238094,534.0235294117647,3.1174449155923294,2.7283728819632627,2021-09-29 21:00:00,Smart-TV,mean,log_bytes_down,4.172650262166022,3.691493858378769
519743,32914102.0,2021-09-29 21:36:00,75610.74285714286,1198409.014084507,4.878589248702562,6.078605429397006,2021-09-29 21:00:00,Smart-TV,mean,log_bytes_down,4.172650262166022,3.691493858378769
519744,32914102.0,2021-09-29 21:42:00,42077.2,506216.6315789474,4.624057153512902,5.704337267578637,2021-09-29 21:00:00,Smart-TV,mean,log_bytes_down,4.172650262166022,3.691493858378769
519745,32914102.0,2021-09-29 21:43:00,35144.71641791045,629307.5454545454,4.545872400495839,5.798863629123231,2021-09-29 21:00:00,Smart-TV,mean,log_bytes_down,4.172650262166022,3.691493858378769
519746,32914102.0,2021-09-29 21:45:00,35876.025477707015,400515.2700729927,4.554816429016195,5.6026201630155095,2021-09-29 21:00:00,Smart-TV,mean,log_bytes_down,4.172650262166022,3.691493858378769
612740,11288578.0,2021-09-29 21:16:00,37735.61712846349,334772.523364486,4.5767629655615485,5.524751103110365,2021-09-29 21:00:00,Smart-TV,mean,log_bytes_down,4.172650262166022,3.691493858378769
947635,26004615.0,2021-09-29 21:00:00,4478.8421052631575,744.2077922077922,3.651262707296947,2.872277387414695,2021-09-29 21:00:00,Smart-TV,mean,log_bytes_down,4.172650262166022,3.691493858378769
947636,26004615.0,2021-09-29 21:02:00,3761.111111111111,587.0654205607476,3.575431617963387,2.7694256427566026,2021-09-29 21:00:00,Smart-TV,mean,log_bytes_down,4.172650262166022,3.691493858378769
947637,26004615.0,2021-09-29 21:04:00,4748.476190476191,2948.095238095238,3.6766457148606864,3.4696887978862705,2021-09-29 21:00:00,Smart-TV,mean,log_bytes_down,4.172650262166022,3.691493858378769
947638,26004615.0,2021-09-29 21:05:00,3728.857142857143,610.9176470588235,3.571692198227732,2.786692977971541,2021-09-29 21:00:00,Smart-TV,mean,log_bytes_down,4.172650262166022,3.691493858378769
947639,26004615.0,2021-09-29 21:08:00,3951.555555555556,949.0204081632652,3.5968779829183903,2.9777329348230506,2021-09-29 21:00:00,Smart-TV,mean,log_bytes_down,4.172650262166022,3.691493858378769
947640,26004615.0,2021-09-29 21:09:00,3167.733333333333,305.80645161290323,3.5008856924137737,2.4868644878402533,2021-09-29 21:00:00,Smart-TV,mean,log_bytes_down,4.172650262166022,3.691493858378769
947641,26004615.0,2021-09-29 21:15:00,4927.393103448276,2318.6415094339623,3.692705341171293,3.365420871742335,2021-09-29 21:00:00,Smart-TV,mean,log_bytes_down,4.172650262166022,3.691493858378769
947642,26004615.0,2021-09-29 21:18:00,2258.4736842105262,1238.1016949152545,3.35400728752661,3.093106951031525,2021-09-29 21:00:00,Smart-TV,mean,log_bytes_down,4.172650262166022,3.691493858378769
947643,26004615.0,2021-09-29 21:19:00,3417.6633663366333,833.1076923076922,3.533856338193434,2.9212221263638503,2021-09-29 21:00:00,Smart-TV,mean,log_bytes_down,4.172650262166022,3.691493858378769
947644,26004615.0,2021-09-29 21:25:00,3762.8702290076335,13554.354430379746,3.5756346413765114,4.1321108775156015,2021-09-29 21:00:00,Smart-TV,mean,log_bytes_down,4.172650262166022,3.691493858378769
947645,26004615.0,2021-09-29 21:26:00,1809.623188405797,233.6231884057971,3.257828078020666,2.3703709323277375,2021-09-29 21:00:00,Smart-TV,mean,log_bytes_down,4.172650262166022,3.691493858378769
947646,26004615.0,2021-09-29 21:27:00,1700.571428571429,209.30434782608697,3.2308501846297784,2.3228482513708624,2021-09-29 21:00:00,Smart-TV,mean,log_bytes_down,4.172650262166022,3.691493858378769
947647,26004615.0,2021-09-29 21:29:00,2480.179775280899,1030.2921348314608,3.394658232464031,3.0133817056074172,2021-09-29 21:00:00,Smart-TV,mean,log_bytes_down,4.172650262166022,3.691493858378769
947648,26004615.0,2021-09-29 21:30:00,1692.6027397260275,496.7671232876712,3.2288115475662287,2.69702620877265,2021-09-29 21:00:00,Smart-TV,mean,log_bytes_down,4.172650262166022,3.691493858378769
947649,26004615.0,2021-09-29 21:31:00,2111.792207792208,264.72727272727275,3.324856786476468,2.4244361301992114,2021-09-29 21:00:00,Smart-TV,mean,log_bytes_down,4.172650262166022,3.691493858378769
947650,26004615.0,2021-09-29 21:34:00,2550.8982035928148,1841.317073170732,3.406863346185615,3.2653643768260774,2021-09-29 21:00:00,Smart-TV,mean,log_bytes_down,4.172650262166022,3.691493858378769
947651,26004615.0,2021-09-29 21:37:00,2590.409937888199,467.4146341463415,3.4135361199253658,2.6706304547814597,2021-09-29 21:00:00,Smart-TV,mean,log_bytes_down,4.172650262166022,3.691493858378769
947652,26004615.0,2021-09-29 21:39:00,2672.444444444445,1486.611111111111,3.4270711636666173,3.1724894134864927,2021-09-29 21:00:00,Smart-TV,mean,log_bytes_down,4.172650262166022,3.691493858378769
947653,26004615.0,2021-09-29 21:40:00,2384.103896103896,355.7402597402597,3.3775073018339286,2.5523521241866685,2021-09-29 21:00:00,Smart-TV,mean,log_bytes_down,4.172650262166022,3.691493858378769
947654,26004615.0,2021-09-29 21:43:00,2354.849315068493,1033.3698630136987,3.37214750864176,3.014675858626477,2021-09-29 21:00:00,Smart-TV,mean,log_bytes_down,4.172650262166022,3.691493858378769
947655,26004615.0,2021-09-29 21:45:00,2785.864077669903,2146.5631067961167,3.445115787601918,3.3319459345664417,2021-09-29 21:00:00,Smart-TV,mean,log_bytes_down,4.172650262166022,3.691493858378769
947656,26004615.0,2021-09-29 21:46:00,9094.8,81411.52,3.958840902443607,4.910691197872003,2021-09-29 21:00:00,Smart-TV,mean,log_bytes_down,4.172650262166022,3.691493858378769
947657,26004615.0,2021-09-29 21:47:00,3217.444444444445,592.6760563380283,3.5076460169046477,2.77354953366589,2021-09-29 21:00:00,Smart-TV,mean,log_bytes_down,4.172650262166022,3.691493858378769
947658,26004615.0,2021-09-29 21:55:00,2209.945945945946,887.8170478170479,3.3445781249105253,2.948812375930413,2021-09-29 21:00:00,Smart-TV,mean,log_bytes_down,4.172650262166022,3.691493858378769
947659,26004615.0,2021-09-29 21:57:00,2240.486956521739,1308.344827586207,3.350536215998101,3.1170540369222497,2021-09-29 21:00:00,Smart-TV,mean,log_bytes_down,4.172650262166022,3.691493858378769
947660,26004615.0,2021-09-29 21:58:00,4028.3278688524592,992.2666666666668,3.605232607631616,2.997065861097788,2021-09-29 21:00:00,Smart-TV,mean,log_bytes_down,4.172650262166022,3.691493858378769
1149402,39161877.0,2021-09-29 21:00:00,105052.19672131148,2042412.0655737703,5.021409272327907,6.310143580041612,2021-09-29 21:00:00,Smart-TV,mean,log_bytes_down,4.172650262166022,3.691493858378769
1149403,39161877.0,2021-09-29 21:01:00,115040.26666666663,2341679.344262295,5.060853654882647,6.369527610549395,2021-09-29 21:00:00,Smart-TV,mean,log_bytes_down,4.172650262166022,3.691493858378769
1149404,39161877.0,2021-09-29 21:02:00,131071.47368421052,2522582.567164179,5.117511495791976,6.401845562285407,2021-09-29 21:00:00,Smart-TV,mean,log_bytes_down,4.172650262166022,3.691493858378769
1149405,39161877.0,2021-09-29 21:04:00,120342.8376068376,2284585.959183673,5.080423856456778,6.358807693437844,2021-09-29 21:00:00,Smart-TV,mean,log_bytes_down,4.172650262166022,3.691493858378769
1149406,39161877.0,2021-09-29 21:06:00,132280.47619047618,2509881.5,5.121499032762688,6.399653390486584,2021-09-29 21:00:00,Smart-TV,mean,log_bytes_down,4.172650262166022,3.691493858378769
1149407,39161877.0,2021-09-29 21:07:00,107358.4,2142197.230769231,5.03084007568802,6.330859656293154,2021-09-29 21:00:00,Smart-TV,mean,log_bytes_down,4.172650262166022,3.691493858378769
1149408,39161877.0,2021-09-29 21:09:00,128445.84126984129,2445075.9375,5.108723428680642,6.388292529310762,2021-09-29 21:00:00,Smart-TV,mean,log_bytes_down,4.172650262166022,3.691493858378769
1149409,39161877.0,2021-09-29 21:11:00,136396.4255319149,2466450.8936170214,5.134806173195571,6.392072649277011,2021-09-29 21:00:00,Smart-TV,mean,log_bytes_down,4.172650262166022,3.691493858378769
1149410,39161877.0,2021-09-29 21:12:00,104216.68571428572,2251254.019047619,5.017941424878768,6.352424694064016,2021-09-29 21:00:00,Smart-TV,mean,log_bytes_down,4.172650262166022,3.691493858378769
1149411,39161877.0,2021-09-29 21:14:00,114663.9207920792,2271534.2465753425,5.059430575385544,6.356319479990362,2021-09-29 21:00:00,Smart-TV,mean,log_bytes_down,4.172650262166022,3.691493858378769
1149412,39161877.0,2021-09-29 21:18:00,140792.15873015873,2398143.191919192,5.148581552548103,6.379875292137388,2021-09-29 21:00:00,Smart-TV,mean,log_bytes_down,4.172650262166022,3.691493858378769
1149413,39161877.0,2021-09-29 21:21:00,125421.38095238096,2462130.760233918,5.098375040935152,6.391311290354587,2021-09-29 21:00:00,Smart-TV,mean,log_bytes_down,4.172650262166022,3.691493858378769
1149414,39161877.0,2021-09-29 21:24:00,122176.70588235297,2371350.981818182,5.086991966171758,6.374996021466993,2021-09-29 21:00:00,Smart-TV,mean,log_bytes_down,4.172650262166022,3.691493858378769
1149415,39161877.0,2021-09-29 21:29:00,139298.92473118278,2216474.966887417,5.143950881758919,6.345663026632527,2021-09-29 21:00:00,Smart-TV,mean,log_bytes_down,4.172650262166022,3.691493858378769
1149416,39161877.0,2021-09-29 21:30:00,132055.47368421053,2596010.536585366,5.12075969608756,6.414306618122257,2021-09-29 21:00:00,Smart-TV,mean,log_bytes_down,4.172650262166022,3.691493858378769
1149417,39161877.0,2021-09-29 21:32:00,159314.43037974686,2439384.8101265817,5.202257841113379,6.387280493203513,2021-09-29 21:00:00,Smart-TV,mean,log_bytes_down,4.172650262166022,3.691493858378769
1149418,39161877.0,2021-09-29 21:33:00,138080.2891566265,2333381.135802469,5.140134833056792,6.367985868618054,2021-09-29 21:00:00,Smart-TV,mean,log_bytes_down,4.172650262166022,3.691493858378769
1149419,39161877.0,2021-09-29 21:34:00,118868.43076923076,2438591.1641791044,5.07507018300246,6.387139173968194,2021-09-29 21:00:00,Smart-TV,mean,log_bytes_down,4.172650262166022,3.691493858378769
1149420,39161877.0,2021-09-29 21:35:00,133217.75342465757,2424861.479452055,5.1245653654916445,6.384687113615126,2021-09-29 21:00:00,Smart-TV,mean,log_bytes_down,4.172650262166022,3.691493858378769
1149421,39161877.0,2021-09-29 21:38:00,121735.05555555556,1442554.8169014084,5.085419225803642,6.159132626336119,2021-09-29 21:00:00,Smart-TV,mean,log_bytes_down,4.172650262166022,3.691493858378769
1149422,39161877.0,2021-09-29 21:39:00,138135.26530612246,3813569.777777778,5.140307710111794,6.581331811066436,2021-09-29 21:00:00,Smart-TV,mean,log_bytes_down,4.172650262166022,3.691493858378769
1149423,39161877.0,2021-09-29 21:41:00,97918.45783132529,2491605.8095238097,4.990869000169996,6.39647950912399,2021-09-29 21:00:00,Smart-TV,mean,log_bytes_down,4.172650262166022,3.691493858378769
1149424,39161877.0,2021-09-29 21:42:00,114287.22222222223,2390774.888888889,5.058001477224249,6.378538867299126,2021-09-29 21:00:00,Smart-TV,mean,log_bytes_down,4.172650262166022,3.691493858378769
1149425,39161877.0,2021-09-29 21:43:00,104167.11111111114,2252957.806451613,5.017734789135494,6.352753251069456,2021-09-29 21:00:00,Smart-TV,mean,log_bytes_down,4.172650262166022,3.691493858378769
1149426,39161877.0,2021-09-29 21:44:00,135277.4492753623,2521003.2,5.131228616211409,6.401573569212862,2021-09-29 21:00:00,Smart-TV,mean,log_bytes_down,4.172650262166022,3.691493858378769
1149427,39161877.0,2021-09-29 21:45:00,129443.46666666665,2442754.266666666,5.112083490479699,6.387879958311831,2021-09-29 21:00:00,Smart-TV,mean,log_bytes_down,4.172650262166022,3.691493858378769
1149428,39161877.0,2021-09-29 21:49:00,125201.25925925926,2567119.418181818,5.097612165735248,6.409446240983596,2021-09-29 21:00:00,Smart-TV,mean,log_bytes_down,4.172650262166022,3.691493858378769
1149429,39161877.0,2021-09-29 21:54:00,133152.091954023,2354124.2643171805,5.124351255664029,6.371829568173658,2021-09-29 21:00:00,Smart-TV,mean,log_bytes_down,4.172650262166022,3.691493858378769
1149430,39161877.0,2021-09-29 21:55:00,128296.77777777777,2599874.5555555555,5.1082191341051955,6.414952560728908,2021-09-29 21:00:00,Smart-TV,mean,log_bytes_down,4.172650262166022,3.691493858378769
1149431,39161877.0,2021-09-29 21:56:00,136640.0,2551858.88,5.135581031717973,6.4068568240407116,2021-09-29 21:00:00,Smart-TV,mean,log_bytes_down,4.172650262166022,3.691493858378769
1149432,39161877.0,2021-09-29 21:58:00,124016.23880597016,2267145.7297297297,5.0934820577263,6.355479628573717,2021-09-29 21:00:00,Smart-TV,mean,log_bytes_down,4.172650262166022,3.691493858378769
1276069,30328911.0,2021-09-29 21:08:00,18038.0,23643.23076923077,4.2562124585651615,4.373725189439937,2021-09-29 21:00:00,Smart-TV,mean,log_bytes_down,4.172650262166022,3.691493858378769
1276070,30328911.0,2021-09-29 21:33:00,13012.710920770878,27709.136094674555,4.11440115533249,4.442638658767473,2021-09-29 21:00:00,Smart-TV,mean,log_bytes_down,4.172650262166022,3.691493858378769
1276071,30328911.0,2021-09-29 21:46:00,15683.889908256882,24175.244444444445,4.195481474745314,4.383388838140577,2021-09-29 21:00:00,Smart-TV,mean,log_bytes_down,4.172650262166022,3.691493858378769
1276072,30328911.0,2021-09-29 21:48:00,15282.260869565218,22752.180451127817,4.1842160261355,4.357042111139689,2021-09-29 21:00:00,Smart-TV,mean,log_bytes_down,4.172650262166022,3.691493858378769
1351986,81697480.0,2021-09-29 21:07:00,645.8830769230768,167.0456852791878,2.810825789732141,2.2254273660557433,2021-09-29 21:00:00,Smart-TV,mean,log_bytes_down,4.172650262166022,3.691493858378769
1351987,81697480.0,2021-09-29 21:09:00,279.3286713286713,404.72222222222223,2.447667518605949,2.608228795538144,2021-09-29 21:00:00,Smart-TV,mean,log_bytes_down,4.172650262166022,3.691493858378769
1351988,81697480.0,2021-09-29 21:16:00,6033.882352941177,656.3116883116883,3.7806688081588895,2.817771354970367,2021-09-29 21:00:00,Smart-TV,mean,log_bytes_down,4.172650262166022,3.691493858378769
1351989,81697480.0,2021-09-29 21:29:00,12082.164705882353,994.4406779661016,4.082180695402594,2.9980153839017247,2021-09-29 21:00:00,Smart-TV,mean,log_bytes_down,4.172650262166022,3.691493858378769
1351990,81697480.0,2021-09-29 21:41:00,7484.13880126183,597.3892215568862,3.874199858127726,2.7769837622285207,2021-09-29 21:00:00,Smart-TV,mean,log_bytes_down,4.172650262166022,3.691493858378769
1351991,81697480.0,2021-09-29 21:54:00,136.34594594594594,115.76785714285714,2.1378158448320126,2.0673233103565636,2021-09-29 21:00:00,Smart-TV,mean,log_bytes_down,4.172650262166022,3.691493858378769
1351992,81697480.0,2021-09-29 21:58:00,350.4715447154472,104.71544715447158,2.545890170114585,2.0241384511086795,2021-09-29 21:00:00,Smart-TV,mean,log_bytes_down,4.172650262166022,3.691493858378769
1394322,48855217.0,2021-09-29 21:21:00,0.0,0.0,0.0,0.0,2021-09-29 21:00:00,Smart-TV,mean,log_bytes_down,4.172650262166022,3.691493858378769
1394323,48855217.0,2021-09-29 21:25:00,0.0,0.0,0.0,0.0,2021-09-29 21:00:00,Smart-TV,mean,log_bytes_down,4.172650262166022,3.691493858378769
1499886,94014440.0,2021-09-29 21:01:00,120180.10434782608,2598534.191304348,5.079836190440769,6.414728602738943,2021-09-29 21:00:00,Smart-TV,mean,log_bytes_down,4.172650262166022,3.691493858378769
1499887,94014440.0,2021-09-29 21:06:00,101366.67936507936,2520665.6761904764,5.0058995041992365,6.401515419947745,2021-09-29 21:00:00,Smart-TV,mean,log_bytes_down,4.172650262166022,3.691493858378769
1499888,94014440.0,2021-09-29 21:12:00,73755.66666666669,1945115.666666667,4.867801281134175,6.288945655106467,2021-09-29 21:00:00,Smart-TV,mean,log_bytes_down,4.172650262166022,3.691493858378769
1499889,94014440.0,2021-09-29 21:15:00,80782.96428571429,2065481.7857142857,4.907325161351502,6.315021579801373,2021-09-29 21:00:00,Smart-TV,mean,log_bytes_down,4.172650262166022,3.691493858378769
1499890,94014440.0,2021-09-29 21:29:00,90337.29729729732,2263816.27154047,4.955871900688992,6.354841368998415,2021-09-29 21:00:00,Smart-TV,mean,log_bytes_down,4.172650262166022,3.691493858378769
1499891,94014440.0,2021-09-29 21:32:00,85685.25874125875,2157894.273381295,4.932911180950785,6.334030363749922,2021-09-29 21:00:00,Smart-TV,mean,log_bytes_down,4.172650262166022,3.691493858378769
1499892,94014440.0,2021-09-29 21:36:00,171417.62025316455,4277629.147826087,5.234057995148322,6.631203231918068,2021-09-29 21:00:00,Smart-TV,mean,log_bytes_down,4.172650262166022,3.691493858378769
1499893,94014440.0,2021-09-29 21:38:00,163815.30434782608,4410836.4375,5.214357124139333,6.64452105204327,2021-09-29 21:00:00,Smart-TV,mean,log_bytes_down,4.172650262166022,3.691493858378769
1499894,94014440.0,2021-09-29 21:50:00,36418.25714285715,926451.0707070708,4.561331083083057,5.966822956341515,2021-09-29 21:00:00,Smart-TV,mean,log_bytes_down,4.172650262166022,3.691493858378769
1499895,94014440.0,2021-09-29 21:55:00,36315.619047619046,809724.5814977974,4.560105410407729,5.90833786007133,2021-09-29 21:00:00,Smart-TV,mean,log_bytes_down,4.172650262166022,3.691493858378769
1499896,94014440.0,2021-09-29 21:58:00,13085.299363057327,323529.106918239,4.116816851025526,5.509914701264575,2021-09-29 21:00:00,Smart-TV,mean,log_bytes_down,4.172650262166022,3.691493858378769
1499897,94014440.0,2021-09-29 21:59:00,64317.375,1338899.75,4.808335063454199,6.126748384835097,2021-09-29 21:00:00,Smart-TV,mean,log_bytes_down,4.172650262166022,3.691493858378769
1664190,79133264.0,2021-09-29 21:10:00,140756.68393782384,2446755.101604278,5.148472112231795,6.388590680015216,2021-09-29 21:00:00,Smart-TV,mean,log_bytes_down,4.172650262166022,3.691493858378769
1664191,79133264.0,2021-09-29 21:19:00,143221.48571428572,2460746.9280000003,5.156011206903524,6.391067128093081,2021-09-29 21:00:00,Smart-TV,mean,log_bytes_down,4.172650262166022,3.691493858378769
1664192,79133264.0,2021-09-29 21:23:00,147437.08771929823,1609166.4,5.168609689422477,6.206601225649458,2021-09-29 21:00:00,Smart-TV,mean,log_bytes_down,4.172650262166022,3.691493858378769
1664193,79133264.0,2021-09-29 21:29:00,154220.84507042257,2338760.974789916,5.188145894607241,6.368986024162527,2021-09-29 21:00:00,Smart-TV,mean,log_bytes_down,4.172650262166022,3.691493858378769
1664194,79133264.0,2021-09-29 21:46:00,951.8677685950412,14058.31325301205,2.9790326368880846,4.1479641074753095,2021-09-29 21:00:00,Smart-TV,mean,log_bytes_down,4.172650262166022,3.691493858378769
1734638,86187118.0,2021-09-29 21:08:00,1273.0746268656717,11.440860215053766,3.1051948668429437,1.0948504103978145,2021-09-29 21:00:00,Smart-TV,mean,log_bytes_down,4.172650262166022,3.691493858378769
1734639,86187118.0,2021-09-29 21:13:00,48.0,20.396166134185304,1.6901960800285136,1.330335961389731,2021-09-29 21:00:00,Smart-TV,mean,log_bytes_down,4.172650262166022,3.691493858378769
1734640,86187118.0,2021-09-29 21:34:00,0.0,18.83185840707965,0.0,1.2973634130516416,2021-09-29 21:00:00,Smart-TV,mean,log_bytes_down,4.172650262166022,3.691493858378769
1734641,86187118.0,2021-09-29 21:43:00,31.31914893617021,11.025906735751295,1.5094599159270687,1.0801178314481439,2021-09-29 21:00:00,Smart-TV,mean,log_bytes_down,4.172650262166022,3.691493858378769
1734642,86187118.0,2021-09-29 21:53:00,581.1859296482413,386.13333333333327,2.7650617051392596,2.587860566977643,2021-09-29 21:00:00,Smart-TV,mean,log_bytes_down,4.172650262166022,3.691493858378769
1734643,86187118.0,2021-09-29 21:54:00,102.25,15.757575757575758,2.0138900603284386,1.2242111914268108,2021-09-29 21:00:00,Smart-TV,mean,log_bytes_down,4.172650262166022,3.691493858378769
1734644,86187118.0,2021-09-29 21:56:00,90.24561403508773,41.448818897637786,1.9602119981023407,1.6278656108726792,2021-09-29 21:00:00,Smart-TV,mean,log_bytes_down,4.172650262166022,3.691493858378769
1734645,86187118.0,2021-09-29 21:59:00,39.963800904977376,21.174129353233827,1.6124002466853842,1.3458465766656875,2021-09-29 21:00:00,Smart-TV,mean,log_bytes_down,4.172650262166022,3.691493858378769
1805983,21911586.0,2021-09-29 21:10:00,1050.004987531172,712.1995012468827,3.021604776972226,2.8532110307935548,2021-09-29 21:00:00,Smart-TV,mean,log_bytes_down,4.172650262166022,3.691493858378769
1805984,21911586.0,2021-09-29 21:16:00,651.1034482758621,349.5792507204611,2.8143164967313354,2.5447862084940227,2021-09-29 21:00:00,Smart-TV,mean,log_bytes_down,4.172650262166022,3.691493858378769
1884730,79466881.0,2021-09-29 21:04:00,311538.7172995781,5033652.906178488,5.49351342147507,6.701883351894898,2021-09-29 21:00:00,Smart-TV,mean,log_bytes_down,4.172650262166022,3.691493858378769
1884731,79466881.0,2021-09-29 21:08:00,69314.95495495496,2264534.5173745174,4.840833210822032,6.3549791366236565,2021-09-29 21:00:00,Smart-TV,mean,log_bytes_down,4.172650262166022,3.691493858378769
1884732,79466881.0,2021-09-29 21:12:00,10.376569037656903,57.13807531380753,1.0560113066393624,1.764460650165253,2021-09-29 21:00:00,Smart-TV,mean,log_bytes_down,4.172650262166022,3.691493858378769
1884733,79466881.0,2021-09-29 21:18:00,3.989276139410188,12.861878453038676,0.6980375413220795,1.141822086445426,2021-09-29 21:00:00,Smart-TV,mean,log_bytes_down,4.172650262166022,3.691493858378769
1884734,79466881.0,2021-09-29 21:22:00,4.389380530973451,48.38095238095239,0.7315388491494557,1.6935594616551217,2021-09-29 21:00:00,Smart-TV,mean,log_bytes_down,4.172650262166022,3.691493858378769
1884735,79466881.0,2021-09-29 21:41:00,0.0,0.0,0.0,0.0,2021-09-29 21:00:00,Smart-TV,mean,log_bytes_down,4.172650262166022,3.691493858378769
1884736,79466881.0,2021-09-29 21:48:00,0.0,0.0,0.0,0.0,2021-09-29 21:00:00,Smart-TV,mean,log_bytes_down,4.172650262166022,3.691493858378769
1884737,79466881.0,2021-09-29 21:50:00,0.0,0.0,0.0,0.0,2021-09-29 21:00:00,Smart-TV,mean,log_bytes_down,4.172650262166022,3.691493858378769
1884738,79466881.0,2021-09-29 21:54:00,0.0,0.0,0.0,0.0,2021-09-29 21:00:00,Smart-TV,mean,log_bytes_down,4.172650262166022,3.691493858378769
1884739,79466881.0,2021-09-29 21:56:00,0.0,0.0,0.0,0.0,2021-09-29 21:00:00,Smart-TV,mean,log_bytes_down,4.172650262166022,3.691493858378769
1884740,79466881.0,2021-09-29 21:57:00,0.0,0.0,0.0,0.0,2021-09-29 21:00:00,Smart-TV,mean,log_bytes_down,4.172650262166022,3.691493858378769
1921070,91928921.0,2021-09-29 21:03:00,114602.16470588234,1998610.4615384613,5.05919661060977,6.300728373652542,2021-09-29 21:00:00,Smart-TV,mean,log_bytes_down,4.172650262166022,3.691493858378769
1921071,91928921.0,2021-09-29 21:30:00,0.0,0.0,0.0,0.0,2021-09-29 21:00:00,Smart-TV,mean,log_bytes_down,4.172650262166022,3.691493858378769
2093764,97478729.0,2021-09-29 21:00:00,71547.67883211678,2324862.01459854,4.854601618791549,6.366397368513451,2021-09-29 21:00:00,Smart-TV,mean,log_bytes_down,4.172650262166022,3.691493858378769
2093765,97478729.0,2021-09-29 21:03:00,58000.0,1814408.1230769232,4.763435481334283,6.258735220905496,2021-09-29 21:00:00,Smart-TV,mean,log_bytes_down,4.172650262166022,3.691493858378769
2093766,97478729.0,2021-09-29 21:06:00,34737.41935483871,846884.9032258064,4.540810053573121,5.927824903911336,2021-09-29 21:00:00,Smart-TV,mean,log_bytes_down,4.172650262166022,3.691493858378769
2093767,97478729.0,2021-09-29 21:10:00,105708.52682926827,2897316.9170731707,5.024114128867848,6.461996152109267,2021-09-29 21:00:00,Smart-TV,mean,log_bytes_down,4.172650262166022,3.691493858378769
2093768,97478729.0,2021-09-29 21:11:00,71233.49333333332,2101135.893333333,4.852690339660089,6.322454348494731,2021-09-29 21:00:00,Smart-TV,mean,log_bytes_down,4.172650262166022,3.691493858378769
2093769,97478729.0,2021-09-29 21:13:00,18519.043478260868,476068.5217391304,4.267642001911067,5.677670378567116,2021-09-29 21:00:00,Smart-TV,mean,log_bytes_down,4.172650262166022,3.691493858378769
2093770,97478729.0,2021-09-29 21:19:00,48477.22175732218,1127670.6324786325,4.685546680977817,6.0521826555306175,2021-09-29 21:00:00,Smart-TV,mean,log_bytes_down,4.172650262166022,3.691493858378769
2093771,97478729.0,2021-09-29 21:21:00,33417.074626865666,1027589.0909090908,4.523981424521601,6.011819907696049,2021-09-29 21:00:00,Smart-TV,mean,log_bytes_down,4.172650262166022,3.691493858378769
2093772,97478729.0,2021-09-29 21:22:00,47337.50495049505,1291763.0588235294,4.6752145378769026,6.1111831968569525,2021-09-29 21:00:00,Smart-TV,mean,log_bytes_down,4.172650262166022,3.691493858378769
2093773,97478729.0,2021-09-29 21:24:00,40464.93203883495,1192347.0291262136,4.607089547809291,6.0764030381794525,2021-09-29 21:00:00,Smart-TV,mean,log_bytes_down,4.172650262166022,3.691493858378769
2093774,97478729.0,2021-09-29 21:26:00,26718.857142857138,747197.1428571428,4.426834131863587,5.87343578379498,2021-09-29 21:00:00,Smart-TV,mean,log_bytes_down,4.172650262166022,3.691493858378769
2093775,97478729.0,2021-09-29 21:28:00,92438.27027027028,2159783.8476190474,4.9658565084335775,6.334410489972336,2021-09-29 21:00:00,Smart-TV,mean,log_bytes_down,4.172650262166022,3.691493858378769
2093776,97478729.0,2021-09-29 21:30:00,189818.2,5711311.435294118,5.278340138714697,6.756735918738176,2021-09-29 21:00:00,Smart-TV,mean,log_bytes_down,4.172650262166022,3.691493858378769
2093777,97478729.0,2021-09-29 21:32:00,144586.02597402598,4576211.819354839,5.160129324765707,6.660506213364131,2021-09-29 21:00:00,Smart-TV,mean,log_bytes_down,4.172650262166022,3.691493858378769
2093778,97478729.0,2021-09-29 21:35:00,148775.89115646257,4650681.479452055,5.172535479444956,6.667516689515997,2021-09-29 21:00:00,Smart-TV,mean,log_bytes_down,4.172650262166022,3.691493858378769
2093779,97478729.0,2021-09-29 21:36:00,148079.6,4557757.508196721,5.170498165443397,6.658751310459095,2021-09-29 21:00:00,Smart-TV,mean,log_bytes_down,4.172650262166022,3.691493858378769
2093780,97478729.0,2021-09-29 21:37:00,141372.9,4361236.556962025,5.150369238794423,6.639609743373235,2021-09-29 21:00:00,Smart-TV,mean,log_bytes_down,4.172650262166022,3.691493858378769
2093781,97478729.0,2021-09-29 21:39:00,79898.06060606062,4441947.0,4.902541673231356,6.647573470141036,2021-09-29 21:00:00,Smart-TV,mean,log_bytes_down,4.172650262166022,3.691493858378769
2093782,97478729.0,2021-09-29 21:40:00,301586.26666666666,4485204.952380952,5.479413001212515,6.651782389839196,2021-09-29 21:00:00,Smart-TV,mean,log_bytes_down,4.172650262166022,3.691493858378769
2093783,97478729.0,2021-09-29 21:42:00,144677.62376237626,4551828.505747126,5.160404368936358,6.658185986669106,2021-09-29 21:00:00,Smart-TV,mean,log_bytes_down,4.172650262166022,3.691493858378769
2093784,97478729.0,2021-09-29 21:45:00,132828.67289719626,3642770.355140187,5.123295103164643,6.561431912851246,2021-09-29 21:00:00,Smart-TV,mean,log_bytes_down,4.172650262166022,3.691493858378769
2093785,97478729.0,2021-09-29 21:47:00,79317.39130434782,2459418.782608696,4.899373897480698,6.390832662008774,2021-09-29 21:00:00,Smart-TV,mean,log_bytes_down,4.172650262166022,3.691493858378769
2093786,97478729.0,2021-09-29 21:49:00,58755.41176470588,1755736.8235294118,4.769055265702782,6.244459665160474,2021-09-29 21:00:00,Smart-TV,mean,log_bytes_down,4.172650262166022,3.691493858378769
2093787,97478729.0,2021-09-29 21:51:00,108603.06086956523,2941658.807017544,5.035846064481847,6.468592446611166,2021-09-29 21:00:00,Smart-TV,mean,log_bytes_down,4.172650262166022,3.691493858378769
2093788,97478729.0,2021-09-29 21:53:00,98660.97777777778,2214602.7252747254,4.99414981707956,6.345296026124274,2021-09-29 21:00:00,Smart-TV,mean,log_bytes_down,4.172650262166022,3.691493858378769
2093789,97478729.0,2021-09-29 21:55:00,25702.422535211263,615750.1408450705,4.409990955595578,5.789405225159553,2021-09-29 21:00:00,Smart-TV,mean,log_bytes_down,4.172650262166022,3.691493858378769
2093790,97478729.0,2021-09-29 21:56:00,82135.87301587303,2668611.6825396824,4.914538165064974,6.426285545671359,2021-09-29 21:00:00,Smart-TV,mean,log_bytes_down,4.172650262166022,3.691493858378769
2218655,38459237.0,2021-09-29 21:15:00,63342.0,405360.275862069,4.801698628227434,5.607842258213205,2021-09-29 21:00:00,Smart-TV,mean,log_bytes_down,4.172650262166022,3.691493858378769
2218656,38459237.0,2021-09-29 21:16:00,32776.545454545456,7988.0,4.515576428323589,3.9024924211586036,2021-09-29 21:00:00,Smart-TV,mean,log_bytes_down,4.172650262166022,3.691493858378769
2218657,38459237.0,2021-09-29 21:21:00,6062.640926640926,3672.216216216216,3.7827334755732642,3.56504649293715,2021-09-29 21:00:00,Smart-TV,mean,log_bytes_down,4.172650262166022,3.691493858378769
2218658,38459237.0,2021-09-29 21:22:00,5732.903225806452,1171.741935483871,3.758450358848883,3.069202455145611,2021-09-29 21:00:00,Smart-TV,mean,log_bytes_down,4.172650262166022,3.691493858378769
2218659,38459237.0,2021-09-29 21:28:00,2628.6222222222227,1092.6190476190477,3.419893361193627,3.038866065754907,2021-09-29 21:00:00,Smart-TV,mean,log_bytes_down,4.172650262166022,3.691493858378769
2218660,38459237.0,2021-09-29 21:30:00,7522.891566265061,682.7777777777778,3.876442527905444,2.8349149824721147,2021-09-29 21:00:00,Smart-TV,mean,log_bytes_down,4.172650262166022,3.691493858378769
2218661,38459237.0,2021-09-29 21:33:00,5394.039215686274,447.3488372093023,3.731994605848263,2.651616047755632,2021-09-29 21:00:00,Smart-TV,mean,log_bytes_down,4.172650262166022,3.691493858378769
2218662,38459237.0,2021-09-29 21:34:00,2293.377049180328,214.68852459016392,3.3606647897303006,2.3338270396795378,2021-09-29 21:00:00,Smart-TV,mean,log_bytes_down,4.172650262166022,3.691493858378769
2218663,38459237.0,2021-09-29 21:40:00,2862.4375,739.3811320754718,3.4568877082451066,2.86945534263095,2021-09-29 21:00:00,Smart-TV,mean,log_bytes_down,4.172650262166022,3.691493858378769
2218664,38459237.0,2021-09-29 21:41:00,3028.463157894737,918.1473684210524,3.481365675294239,2.9633851481228675,2021-09-29 21:00:00,Smart-TV,mean,log_bytes_down,4.172650262166022,3.691493858378769
2218665,38459237.0,2021-09-29 21:43:00,5240.688172043011,1720.6021505376343,3.7194711812063153,3.235932796485159,2021-09-29 21:00:00,Smart-TV,mean,log_bytes_down,4.172650262166022,3.691493858378769
2218666,38459237.0,2021-09-29 21:44:00,5548.093023255814,2001.488372093024,3.744222005251734,3.301570002933305,2021-09-29 21:00:00,Smart-TV,mean,log_bytes_down,4.172650262166022,3.691493858378769
2218667,38459237.0,2021-09-29 21:48:00,3505.30612244898,1835.7938144329887,3.5448498300369105,3.2640604081949354,2021-09-29 21:00:00,Smart-TV,mean,log_bytes_down,4.172650262166022,3.691493858378769
2218668,38459237.0,2021-09-29 21:49:00,2325.508196721312,1114.6666666666667,3.3667045869722583,3.0475344576381147,2021-09-29 21:00:00,Smart-TV,mean,log_bytes_down,4.172650262166022,3.691493858378769
2218669,38459237.0,2021-09-29 21:50:00,2983.0303030303025,1333.3333333333333,3.4748032291129713,3.1252643353854426,2021-09-29 21:00:00,Smart-TV,mean,log_bytes_down,4.172650262166022,3.691493858378769
2218670,38459237.0,2021-09-29 21:51:00,4208.0,2115.692307692308,3.6241789257480224,3.3256577315275093,2021-09-29 21:00:00,Smart-TV,mean,log_bytes_down,4.172650262166022,3.691493858378769
2218671,38459237.0,2021-09-29 21:52:00,3837.639344262295,2017.2,3.584177310305847,3.3049642018376897,2021-09-29 21:00:00,Smart-TV,mean,log_bytes_down,4.172650262166022,3.691493858378769
2218672,38459237.0,2021-09-29 21:54:00,1112.808988764045,120.44444444444444,3.0468107184512725,2.084377652510378,2021-09-29 21:00:00,Smart-TV,mean,log_bytes_down,4.172650262166022,3.691493858378769
2218673,38459237.0,2021-09-29 21:55:00,1007.3548387096774,407.6129032258065,3.0036133866490062,2.611312076714654,2021-09-29 21:00:00,Smart-TV,mean,log_bytes_down,4.172650262166022,3.691493858378769
2218674,38459237.0,2021-09-29 21:56:00,5956.597701149425,878.7126436781608,3.775071173254691,2.9443408339171224,2021-09-29 21:00:00,Smart-TV,mean,log_bytes_down,4.172650262166022,3.691493858378769
2218675,38459237.0,2021-09-29 21:58:00,6054.7619047619055,662.5365853658536,3.782168791610773,2.821864873522188,2021-09-29 21:00:00,Smart-TV,mean,log_bytes_down,4.172650262166022,3.691493858378769
2218676,38459237.0,2021-09-29 21:59:00,6744.744186046512,1197.3636363636365,3.8290298677314922,3.078588622145929,2021-09-29 21:00:00,Smart-TV,mean,log_bytes_down,4.172650262166022,3.691493858378769
2336397,21573973.0,2021-09-29 21:27:00,11106.652849740933,696.8953068592058,4.045622298176002,2.8437902778330013,2021-09-29 21:00:00,Smart-TV,mean,log_bytes_down,4.172650262166022,3.691493858378769
2336398,21573973.0,2021-09-29 21:28:00,13777.29411764706,985.875,4.139195451159909,2.9942621473523694,2021-09-29 21:00:00,Smart-TV,mean,log_bytes_down,4.172650262166022,3.691493858378769
2336399,21573973.0,2021-09-29 21:44:00,10668.751091703056,550.4976525821596,4.028154288144175,2.741543668230816,2021-09-29 21:00:00,Smart-TV,mean,log_bytes_down,4.172650262166022,3.691493858378769
2430379,58710277.0,2021-09-29 21:02:00,128.231884057971,18.86567164179105,2.111369675904608,1.2981032527738487,2021-09-29 21:00:00,Smart-TV,mean,log_bytes_down,4.172650262166022,3.691493858378769
2430380,58710277.0,2021-09-29 21:05:00,399.5959595959597,168.56,2.6027065646928835,2.2293234078961834,2021-09-29 21:00:00,Smart-TV,mean,log_bytes_down,4.172650262166022,3.691493858378769
2430381,58710277.0,2021-09-29 21:07:00,974.3622047244096,17.555555555555557,2.989165922674808,1.2684739617082585,2021-09-29 21:00:00,Smart-TV,mean,log_bytes_down,4.172650262166022,3.691493858378769
2430382,58710277.0,2021-09-29 21:17:00,529.9150579150579,25.48148148148148,2.725025043059521,1.4229422776420932,2021-09-29 21:00:00,Smart-TV,mean,log_bytes_down,4.172650262166022,3.691493858378769
2430383,58710277.0,2021-09-29 21:25:00,234.07058823529408,433.3559322033897,2.371198294092289,2.637845757253644,2021-09-29 21:00:00,Smart-TV,mean,log_bytes_down,4.172650262166022,3.691493858378769
2430384,58710277.0,2021-09-29 21:38:00,271.8945054945055,20.266666666666666,2.4359947915971985,1.3276994240014999,2021-09-29 21:00:00,Smart-TV,mean,log_bytes_down,4.172650262166022,3.691493858378769
2430385,58710277.0,2021-09-29 21:41:00,39.60538116591928,19.0,1.6085835916019164,1.3010299956639813,2021-09-29 21:00:00,Smart-TV,mean,log_bytes_down,4.172650262166022,3.691493858378769
2430386,58710277.0,2021-09-29 21:43:00,378.9690721649485,395.7113402061856,2.579748248367521,2.598474615192017,2021-09-29 21:00:00,Smart-TV,mean,log_bytes_down,4.172650262166022,3.691493858378769
2430387,58710277.0,2021-09-29 21:53:00,1598.1714285714286,346.4427480916031,3.2038950219025724,2.540883251411446,2021-09-29 21:00:00,Smart-TV,mean,log_bytes_down,4.172650262166022,3.691493858378769
2430388,58710277.0,2021-09-29 21:55:00,893.8345864661653,22.580645161290327,2.951742761769156,1.3725556831235879,2021-09-29 21:00:00,Smart-TV,mean,log_bytes_down,4.172650262166022,3.691493858378769
2430389,58710277.0,2021-09-29 21:58:00,453.06666666666666,14.47191011235955,2.6571196212269275,1.1895439336120108,2021-09-29 21:00:00,Smart-TV,mean,log_bytes_down,4.172650262166022,3.691493858378769
2510171,44391092.0,2021-09-29 21:00:00,3662.843373493976,304.147465437788,3.5639368996352205,2.4845097670471454,2021-09-29 21:00:00,Smart-TV,mean,log_bytes_down,4.172650262166022,3.691493858378769
2510172,44391092.0,2021-09-29 21:09:00,4058.7,458.0,3.608493941666254,2.661812685537261,2021-09-29 21:00:00,Smart-TV,mean,log_bytes_down,4.172650262166022,3.691493858378769
2510173,44391092.0,2021-09-29 21:11:00,4053.4214876033056,310.3448275862069,3.607928894881232,2.493241655124296,2021-09-29 21:00:00,Smart-TV,mean,log_bytes_down,4.172650262166022,3.691493858378769
2510174,44391092.0,2021-09-29 21:13:00,3992.744186046512,350.4186046511628,3.6013802432721764,2.545824749997787,2021-09-29 21:00:00,Smart-TV,mean,log_bytes_down,4.172650262166022,3.691493858378769
2510175,44391092.0,2021-09-29 21:18:00,159.17948717948718,2.2857142857142856,2.2046068989195224,0.516629796003336,2021-09-29 21:00:00,Smart-TV,mean,log_bytes_down,4.172650262166022,3.691493858378769
2510176,44391092.0,2021-09-29 21:22:00,779.2700729927008,0.0,2.8922449500100154,0.0,2021-09-29 21:00:00,Smart-TV,mean,log_bytes_down,4.172650262166022,3.691493858378769
2510177,44391092.0,2021-09-29 21:27:00,157.83050847457628,0.0,2.2009339262369703,0.0,2021-09-29 21:00:00,Smart-TV,mean,log_bytes_down,4.172650262166022,3.691493858378769
2510178,44391092.0,2021-09-29 21:29:00,98.53968253968254,0.0,1.9979962513217682,0.0,2021-09-29 21:00:00,Smart-TV,mean,log_bytes_down,4.172650262166022,3.691493858378769
2510179,44391092.0,2021-09-29 21:30:00,203.5409836065573,0.0,2.310780340073829,0.0,2021-09-29 21:00:00,Smart-TV,mean,log_bytes_down,4.172650262166022,3.691493858378769
2510180,44391092.0,2021-09-29 21:35:00,203.5409836065573,0.0,2.310780340073829,0.0,2021-09-29 21:00:00,Smart-TV,mean,log_bytes_down,4.172650262166022,3.691493858378769
2510181,44391092.0,2021-09-29 21:42:00,0.0,0.0,0.0,0.0,2021-09-29 21:00:00,Smart-TV,mean,log_bytes_down,4.172650262166022,3.691493858378769
2853396,42165291.0,2021-09-29 21:05:00,0.0,0.0,0.0,0.0,2021-09-29 21:00:00,Smart-TV,mean,log_bytes_down,4.172650262166022,3.691493858378769
2853397,42165291.0,2021-09-29 21:33:00,0.0,0.0,0.0,0.0,2021-09-29 21:00:00,Smart-TV,mean,log_bytes_down,4.172650262166022,3.691493858378769
2853398,42165291.0,2021-09-29 21:38:00,0.0,0.0,0.0,0.0,2021-09-29 21:00:00,Smart-TV,mean,log_bytes_down,4.172650262166022,3.691493858378769
2853399,42165291.0,2021-09-29 21:45:00,0.0,0.0,0.0,0.0,2021-09-29 21:00:00,Smart-TV,mean,log_bytes_down,4.172650262166022,3.691493858378769
2853400,42165291.0,2021-09-29 21:48:00,0.0,0.0,0.0,0.0,2021-09-29 21:00:00,Smart-TV,mean,log_bytes_down,4.172650262166022,3.691493858378769
2853401,42165291.0,2021-09-29 21:53:00,0.0,0.0,0.0,0.0,2021-09-29 21:00:00,Smart-TV,mean,log_bytes_down,4.172650262166022,3.691493858378769
2880196,99265697.0,2021-09-29 21:02:00,2750.657342657343,1854.1007194244603,3.4395943512718845,3.268367493844756,2021-09-29 21:00:00,Smart-TV,mean,log_bytes_down,4.172650262166022,3.691493858378769
2880197,99265697.0,2021-09-29 21:08:00,5015.021276595745,774.8817204301075,3.7003593699854447,2.8897955201244945,2021-09-29 21:00:00,Smart-TV,mean,log_bytes_down,4.172650262166022,3.691493858378769
2880198,99265697.0,2021-09-29 21:11:00,8225.677419354839,15885.836734693878,3.9152244682870143,4.201037432422779,2021-09-29 21:00:00,Smart-TV,mean,log_bytes_down,4.172650262166022,3.691493858378769
2880199,99265697.0,2021-09-29 21:18:00,6411.094339622641,1163.2268907563025,3.806999903400781,3.0660376261910907,2021-09-29 21:00:00,Smart-TV,mean,log_bytes_down,4.172650262166022,3.691493858378769
2880200,99265697.0,2021-09-29 21:31:00,70298.8717948718,283418.88372093026,4.846954533002321,5.452430315521035,2021-09-29 21:00:00,Smart-TV,mean,log_bytes_down,4.172650262166022,3.691493858378769
2880201,99265697.0,2021-09-29 21:34:00,90785.1304347826,1189505.247706422,4.958019505616617,6.075366727447096,2021-09-29 21:00:00,Smart-TV,mean,log_bytes_down,4.172650262166022,3.691493858378769
2880202,99265697.0,2021-09-29 21:37:00,73214.04651162791,1057955.623529412,4.864600342608357,6.024467861888203,2021-09-29 21:00:00,Smart-TV,mean,log_bytes_down,4.172650262166022,3.691493858378769
2880203,99265697.0,2021-09-29 21:41:00,72825.46086956521,1187867.3246753246,4.862289205160021,6.074768301725712,2021-09-29 21:00:00,Smart-TV,mean,log_bytes_down,4.172650262166022,3.691493858378769
2880204,99265697.0,2021-09-29 21:48:00,90176.0,1218377.7454545454,4.955095783142679,6.085782314152411,2021-09-29 21:00:00,Smart-TV,mean,log_bytes_down,4.172650262166022,3.691493858378769
2880205,99265697.0,2021-09-29 21:49:00,100935.63636363635,1004319.1794871796,5.004048828106685,6.001872188921624,2021-09-29 21:00:00,Smart-TV,mean,log_bytes_down,4.172650262166022,3.691493858378769
2880206,99265697.0,2021-09-29 21:51:00,87800.3,1175426.1224489796,4.943500946186818,6.070195707642654,2021-09-29 21:00:00,Smart-TV,mean,log_bytes_down,4.172650262166022,3.691493858378769
2880207,99265697.0,2021-09-29 21:55:00,80476.30039525691,1180650.2528735632,4.905673399581789,6.0721216323131175,2021-09-29 21:00:00,Smart-TV,mean,log_bytes_down,4.172650262166022,3.691493858378769
2880208,99265697.0,2021-09-29 21:58:00,88334.0,1174128.9160305343,4.94613281337535,6.069716153720416,2021-09-29 21:00:00,Smart-TV,mean,log_bytes_down,4.172650262166022,3.691493858378769
2962027,11889098.0,2021-09-29 21:08:00,0.0,0.0,0.0,0.0,2021-09-29 21:00:00,Smart-TV,mean,log_bytes_down,4.172650262166022,3.691493858378769
2962028,11889098.0,2021-09-29 21:16:00,0.0,0.0,0.0,0.0,2021-09-29 21:00:00,Smart-TV,mean,log_bytes_down,4.172650262166022,3.691493858378769
2962029,11889098.0,2021-09-29 21:38:00,0.0,0.0,0.0,0.0,2021-09-29 21:00:00,Smart-TV,mean,log_bytes_down,4.172650262166022,3.691493858378769
3160667,17765989.0,2021-09-29 21:05:00,34128.460905349784,599903.6116504854,4.533129428399328,5.778082200504983,2021-09-29 21:00:00,Smart-TV,mean,log_bytes_down,4.172650262166022,3.691493858378769
3160668,17765989.0,2021-09-29 21:27:00,2568.3636363636365,1259.2121212121212,3.4098255733555685,3.1004436525130563,2021-09-29 21:00:00,Smart-TV,mean,log_bytes_down,4.172650262166022,3.691493858378769
3160669,17765989.0,2021-09-29 21:55:00,2180.103896103896,1621.9005524861875,3.3386763535337316,3.210291908101194,2021-09-29 21:00:00,Smart-TV,mean,log_bytes_down,4.172650262166022,3.691493858378769
3299255,37618057.0,2021-09-29 21:01:00,3145.3249475890984,893.3638968481375,3.4978035738680444,2.9515142595538673,2021-09-29 21:00:00,Smart-TV,mean,log_bytes_down,4.172650262166022,3.691493858378769
3299256,37618057.0,2021-09-29 21:07:00,3374.155495978552,975.438202247191,3.528293785904767,2.9896447624499776,2021-09-29 21:00:00,Smart-TV,mean,log_bytes_down,4.172650262166022,3.691493858378769
3299257,37618057.0,2021-09-29 21:11:00,2858.68,2398.064516129032,3.4563174380208013,3.3800419272600704,2021-09-29 21:00:00,Smart-TV,mean,log_bytes_down,4.172650262166022,3.691493858378769
3299258,37618057.0,2021-09-29 21:29:00,514.1877551020408,40.20512820512821,2.711965532234496,1.6149512697368453,2021-09-29 21:00:00,Smart-TV,mean,log_bytes_down,4.172650262166022,3.691493858378769
3299259,37618057.0,2021-09-29 21:33:00,96.41481481481482,42.93436293436294,1.9886250092714277,1.6428043333412012,2021-09-29 21:00:00,Smart-TV,mean,log_bytes_down,4.172650262166022,3.691493858378769
3357848,83788055.0,2021-09-29 21:06:00,1076.542372881356,675.78223495702,3.0324343572056023,2.830448950265311,2021-09-29 21:00:00,Smart-TV,mean,log_bytes_down,4.172650262166022,3.691493858378769
3482181,64437363.0,2021-09-29 21:24:00,12467.7,53742.37142857144,4.095821175831594,4.730324907108275,2021-09-29 21:00:00,Smart-TV,mean,log_bytes_down,4.172650262166022,3.691493858378769
3482182,64437363.0,2021-09-29 21:26:00,40705.545454545456,517597.98319327726,4.609664247707639,5.7139934145038,2021-09-29 21:00:00,Smart-TV,mean,log_bytes_down,4.172650262166022,3.691493858378769
3482183,64437363.0,2021-09-29 21:32:00,21855.22448979592,178679.11335012593,4.33957514275267,5.252076219305278,2021-09-29 21:00:00,Smart-TV,mean,log_bytes_down,4.172650262166022,3.691493858378769
3482184,64437363.0,2021-09-29 21:38:00,1652.9178470254956,807.4727793696276,3.2185139335904136,2.9076654021415207,2021-09-29 21:00:00,Smart-TV,mean,log_bytes_down,4.172650262166022,3.691493858378769
3482185,64437363.0,2021-09-29 21:47:00,936.6502835538752,488.3795066413662,2.97204088929306,2.689645778789943,2021-09-29 21:00:00,Smart-TV,mean,log_bytes_down,4.172650262166022,3.691493858378769
3565665,36054133.0,2021-09-29 21:04:00,65570.36065573769,146736.896,4.8167141957017074,5.166542287655882,2021-09-29 21:00:00,Smart-TV,mean,log_bytes_down,4.172650262166022,3.691493858378769
3565666,36054133.0,2021-09-29 21:05:00,38870.451612903234,1305065.0602409642,4.589630759198343,6.115632495484263,2021-09-29 21:00:00,Smart-TV,mean,log_bytes_down,4.172650262166022,3.691493858378769
3565667,36054133.0,2021-09-29 21:06:00,32673.352112676053,548180.2816901408,4.514206984877546,5.738924201948696,2021-09-29 21:00:00,Smart-TV,mean,log_bytes_down,4.172650262166022,3.691493858378769
3565668,36054133.0,2021-09-29 21:09:00,25908.15503875969,172.31372549019608,4.413453249806056,2.2388329578011184,2021-09-29 21:00:00,Smart-TV,mean,log_bytes_down,4.172650262166022,3.691493858378769
3565669,36054133.0,2021-09-29 21:12:00,801.6953642384105,84.0,2.9045507548274125,1.9294189257142926,2021-09-29 21:00:00,Smart-TV,mean,log_bytes_down,4.172650262166022,3.691493858378769
3565670,36054133.0,2021-09-29 21:16:00,74791.104,1740568.7111111109,4.873855750668779,6.240691421785549,2021-09-29 21:00:00,Smart-TV,mean,log_bytes_down,4.172650262166022,3.691493858378769
3565671,36054133.0,2021-09-29 21:21:00,88833.95652173914,1303562.6857142858,4.948583894125037,6.115132253516356,2021-09-29 21:00:00,Smart-TV,mean,log_bytes_down,4.172650262166022,3.691493858378769
3565672,36054133.0,2021-09-29 21:25:00,41938.02298850575,1030157.696969697,4.6226183089227675,6.012904133354949,2021-09-29 21:00:00,Smart-TV,mean,log_bytes_down,4.172650262166022,3.691493858378769
3565673,36054133.0,2021-09-29 21:27:00,102128.6050420168,2780813.3076923075,5.009151652397238,6.444171989282321,2021-09-29 21:00:00,Smart-TV,mean,log_bytes_down,4.172650262166022,3.691493858378769
3565674,36054133.0,2021-09-29 21:29:00,173809.95744680852,1443809.97752809,5.240077151909425,6.159510339500975,2021-09-29 21:00:00,Smart-TV,mean,log_bytes_down,4.172650262166022,3.691493858378769
3565675,36054133.0,2021-09-29 21:30:00,85766.66666666669,1367582.5806451612,4.933323595135652,6.135953877969826,2021-09-29 21:00:00,Smart-TV,mean,log_bytes_down,4.172650262166022,3.691493858378769
3565676,36054133.0,2021-09-29 21:33:00,38182.15384615384,186270.97029702968,4.58187179732671,5.270147508352096,2021-09-29 21:00:00,Smart-TV,mean,log_bytes_down,4.172650262166022,3.691493858378769
3565677,36054133.0,2021-09-29 21:37:00,86.4,36.72380952380952,1.941511432634403,1.5766155433343547,2021-09-29 21:00:00,Smart-TV,mean,log_bytes_down,4.172650262166022,3.691493858378769
3565678,36054133.0,2021-09-29 21:41:00,575.2079207920792,32.633663366336634,2.7605792239767593,1.5267741730873854,2021-09-29 21:00:00,Smart-TV,mean,log_bytes_down,4.172650262166022,3.691493858378769
3565679,36054133.0,2021-09-29 21:45:00,33.150326797385624,12.229885057471266,1.5333948639654928,1.1215560710111734,2021-09-29 21:00:00,Smart-TV,mean,log_bytes_down,4.172650262166022,3.691493858378769
3565680,36054133.0,2021-09-29 21:46:00,84.53333333333333,28.756756756756765,1.9321353973192472,1.473585594904757,2021-09-29 21:00:00,Smart-TV,mean,log_bytes_down,4.172650262166022,3.691493858378769
3565681,36054133.0,2021-09-29 21:49:00,27.71584699453552,20.363636363636363,1.4581216306338316,1.3296751771135111,2021-09-29 21:00:00,Smart-TV,mean,log_bytes_down,4.172650262166022,3.691493858378769
3565682,36054133.0,2021-09-29 21:51:00,70.44444444444444,28.0,1.8539684634848972,1.462397997898956,2021-09-29 21:00:00,Smart-TV,mean,log_bytes_down,4.172650262166022,3.691493858378769
3565683,36054133.0,2021-09-29 21:52:00,38.22222222222222,23.644444444444453,1.5935321959484976,1.3917190323738164,2021-09-29 21:00:00,Smart-TV,mean,log_bytes_down,4.172650262166022,3.691493858378769
3565684,36054133.0,2021-09-29 21:54:00,323.6504854368932,363.2621359223301,2.5114160565924384,2.561414029834757,2021-09-29 21:00:00,Smart-TV,mean,log_bytes_down,4.172650262166022,3.691493858378769
3565685,36054133.0,2021-09-29 21:57:00,967.4825870646766,248.23762376237624,2.986091816681657,2.3966136020282094,2021-09-29 21:00:00,Smart-TV,mean,log_bytes_down,4.172650262166022,3.691493858378769
3886645,55495298.0,2021-09-29 21:04:00,0.0,0.0,0.0,0.0,2021-09-29 21:00:00,Smart-TV,mean,log_bytes_down,4.172650262166022,3.691493858378769
3886646,55495298.0,2021-09-29 21:10:00,0.0,0.0,0.0,0.0,2021-09-29 21:00:00,Smart-TV,mean,log_bytes_down,4.172650262166022,3.691493858378769
3886647,55495298.0,2021-09-29 21:22:00,0.0,0.0,0.0,0.0,2021-09-29 21:00:00,Smart-TV,mean,log_bytes_down,4.172650262166022,3.691493858378769
3886648,55495298.0,2021-09-29 21:30:00,0.0,0.0,0.0,0.0,2021-09-29 21:00:00,Smart-TV,mean,log_bytes_down,4.172650262166022,3.691493858378769
3886649,55495298.0,2021-09-29 21:34:00,0.0,0.0,0.0,0.0,2021-09-29 21:00:00,Smart-TV,mean,log_bytes_down,4.172650262166022,3.691493858378769
3886650,55495298.0,2021-09-29 21:36:00,0.0,0.0,0.0,0.0,2021-09-29 21:00:00,Smart-TV,mean,log_bytes_down,4.172650262166022,3.691493858378769
3886651,55495298.0,2021-09-29 21:39:00,0.0,0.0,0.0,0.0,2021-09-29 21:00:00,Smart-TV,mean,log_bytes_down,4.172650262166022,3.691493858378769
3886652,55495298.0,2021-09-29 21:48:00,0.0,0.0,0.0,0.0,2021-09-29 21:00:00,Smart-TV,mean,log_bytes_down,4.172650262166022,3.691493858378769
3886653,55495298.0,2021-09-29 21:53:00,0.0,0.0,0.0,0.0,2021-09-29 21:00:00,Smart-TV,mean,log_bytes_down,4.172650262166022,3.691493858378769
3886654,55495298.0,2021-09-29 21:59:00,0.0,0.0,0.0,0.0,2021-09-29 21:00:00,Smart-TV,mean,log_bytes_down,4.172650262166022,3.691493858378769
3954054,89625906.0,2021-09-29 21:04:00,95702.60240963857,3930314.5278810407,4.980928285500795,6.594427417173638,2021-09-29 21:00:00,Smart-TV,mean,log_bytes_down,4.172650262166022,3.691493858378769
3954055,89625906.0,2021-09-29 21:08:00,110336.8384279476,3666584.834782609,5.042724471664409,6.5642618562854285,2021-09-29 21:00:00,Smart-TV,mean,log_bytes_down,4.172650262166022,3.691493858378769
3954056,89625906.0,2021-09-29 21:11:00,115566.36,5094859.502487564,5.06283519244528,6.70713229750255,2021-09-29 21:00:00,Smart-TV,mean,log_bytes_down,4.172650262166022,3.691493858378769
3954057,89625906.0,2021-09-29 21:15:00,115443.88571428572,4876562.384615385,5.062374698143086,6.6881138734630765,2021-09-29 21:00:00,Smart-TV,mean,log_bytes_down,4.172650262166022,3.691493858378769
3954058,89625906.0,2021-09-29 21:18:00,141644.5652173913,5472950.303030303,5.151202981738449,6.738221583914602,2021-09-29 21:00:00,Smart-TV,mean,log_bytes_down,4.172650262166022,3.691493858378769
3954059,89625906.0,2021-09-29 21:25:00,145484.01731601733,5077722.648888889,5.162818270077798,6.705669061045679,2021-09-29 21:00:00,Smart-TV,mean,log_bytes_down,4.172650262166022,3.691493858378769
3954060,89625906.0,2021-09-29 21:37:00,132214.38320209974,5037494.44534413,5.121281988062742,6.702214666481612,2021-09-29 21:00:00,Smart-TV,mean,log_bytes_down,4.172650262166022,3.691493858378769
3954061,89625906.0,2021-09-29 21:38:00,153072.125,5001421.538461538,5.184898948446554,6.699093546883278,2021-09-29 21:00:00,Smart-TV,mean,log_bytes_down,4.172650262166022,3.691493858378769
3954062,89625906.0,2021-09-29 21:41:00,147329.15606936414,5008745.534883721,5.168291648907112,6.699729054990264,2021-09-29 21:00:00,Smart-TV,mean,log_bytes_down,4.172650262166022,3.691493858378769
3954063,89625906.0,2021-09-29 21:46:00,134136.50174216027,4969795.055555556,5.127550213517249,6.696338567050401,2021-09-29 21:00:00,Smart-TV,mean,log_bytes_down,4.172650262166022,3.691493858378769
3954064,89625906.0,2021-09-29 21:48:00,129978.66666666669,4563477.220338983,5.113875418882684,6.659295982156801,2021-09-29 21:00:00,Smart-TV,mean,log_bytes_down,4.172650262166022,3.691493858378769
3954065,89625906.0,2021-09-29 21:54:00,116343.63398692812,4642736.522875817,5.065746357681985,6.666774131525559,2021-09-29 21:00:00,Smart-TV,mean,log_bytes_down,4.172650262166022,3.691493858378769
4330000,47545089.0,2021-09-29 21:05:00,48.0,32.0,1.6901960800285136,1.5185139398778875,2021-09-29 21:00:00,Smart-TV,mean,log_bytes_down,4.172650262166022,3.691493858378769
4330001,47545089.0,2021-09-29 21:07:00,936.0,16.0,2.971739590887778,1.2304489213782739,2021-09-29 21:00:00,Smart-TV,mean,log_bytes_down,4.172650262166022,3.691493858378769
4330002,47545089.0,2021-09-29 21:09:00,72.0,16.0,1.863322860120456,1.2304489213782739,2021-09-29 21:00:00,Smart-TV,mean,log_bytes_down,4.172650262166022,3.691493858378769
4330003,47545089.0,2021-09-29 21:13:00,40.0,16.0,1.6127838567197355,1.2304489213782739,2021-09-29 21:00:00,Smart-TV,mean,log_bytes_down,4.172650262166022,3.691493858378769
4330004,47545089.0,2021-09-29 21:16:00,280.0,280.0,2.44870631990508,2.44870631990508,2021-09-29 21:00:00,Smart-TV,mean,log_bytes_down,4.172650262166022,3.691493858378769
4330005,47545089.0,2021-09-29 21:22:00,2480.0,1208.0,3.394626764272209,3.0824263008607717,2021-09-29 21:00:00,Smart-TV,mean,log_bytes_down,4.172650262166022,3.691493858378769
4330006,47545089.0,2021-09-29 21:24:00,32.0,216.0,1.5185139398778875,2.3364597338485296,2021-09-29 21:00:00,Smart-TV,mean,log_bytes_down,4.172650262166022,3.691493858378769
4330007,47545089.0,2021-09-29 21:27:00,704.0,232.0,2.848189116991399,2.367355921026019,2021-09-29 21:00:00,Smart-TV,mean,log_bytes_down,4.172650262166022,3.691493858378769
4330008,47545089.0,2021-09-29 21:30:00,1080.0,0.0,3.03382569395331,0.0,2021-09-29 21:00:00,Smart-TV,mean,log_bytes_down,4.172650262166022,3.691493858378769
